antelope_duiker,bird,blank,civet_genet,hog,leopard,monkey_prosimian,rodent,accuracy,macro avg,weighted avg,confusion_matrix,loss,acc,log_loss,top3_accuracy,class_confidences,macro_precision,macro_recall,macro_f1,epoch,class_f1s,class_precisions,class_recalls
"{'precision': 0.49670122525918947, 'recall': 0.28409703504043127, 'f1-score': 0.3614540466392318, 'support': 1855.0}","{'precision': 0.5367180417044425, 'recall': 0.4809098294069862, 'f1-score': 0.5072836332476436, 'support': 1231.0}","{'precision': 0.4004594180704441, 'recall': 0.31506024096385543, 'f1-score': 0.3526635198921106, 'support': 1660.0}","{'precision': 0.7283208020050125, 'recall': 0.7996697853604843, 'f1-score': 0.7623294858342078, 'support': 1817.0}","{'precision': 0.5303468208092486, 'recall': 0.5, 'f1-score': 0.514726507713885, 'support': 734.0}","{'precision': 0.802675585284281, 'recall': 0.7100591715976331, 'f1-score': 0.7535321821036107, 'support': 1690.0}","{'precision': 0.40623072177668107, 'recall': 0.7046548956661316, 'f1-score': 0.5153590295441205, 'support': 1869.0}","{'precision': 0.5237771739130435, 'recall': 0.5105960264900662, 'f1-score': 0.5171026156941649, 'support': 1510.0}",0.5458515283842795,"{'precision': 0.5531537236027928, 'recall': 0.5381308730656985, 'f1-score': 0.5355563775836218, 'support': 12366.0}","{'precision': 0.5552439973029069, 'recall': 0.5458515283842795, 'f1-score': 0.5386420142453928, 'support': 12366.0}","[[527, 117, 194, 117, 101, 53, 622, 124], [71, 592, 76, 2, 19, 25, 380, 66], [148, 97, 523, 130, 58, 105, 413, 186], [9, 5, 60, 1453, 20, 9, 59, 202], [46, 30, 56, 38, 367, 49, 113, 35], [33, 33, 149, 36, 34, 1200, 157, 48], [153, 133, 146, 0, 49, 31, 1317, 40], [74, 96, 102, 219, 44, 23, 181, 771]]",1.3177973874926703,0.5458515283842795,1.3177973853498663,0.8155426168526605,"{'antelope_duiker': 0.3640107810497284, 'bird': 0.3620190918445587, 'blank': 0.322345495223999, 'civet_genet': 0.6433857083320618, 'hog': 0.4148007929325104, 'leopard': 0.61531662940979, 'monkey_prosimian': 0.3556707203388214, 'rodent': 0.41464000940322876}",0.5531537236027928,0.5381308730656985,0.5355563775836218,0,"{'antelope_duiker': 0.3614540466392318, 'bird': 0.5072836332476436, 'blank': 0.3526635198921106, 'civet_genet': 0.7623294858342078, 'hog': 0.514726507713885, 'leopard': 0.7535321821036107, 'monkey_prosimian': 0.5153590295441205, 'rodent': 0.5171026156941649}","{'antelope_duiker': 0.49670122525918947, 'bird': 0.5367180417044425, 'blank': 0.4004594180704441, 'civet_genet': 0.7283208020050125, 'hog': 0.5303468208092486, 'leopard': 0.802675585284281, 'monkey_prosimian': 0.40623072177668107, 'rodent': 0.5237771739130435}","{'antelope_duiker': 0.28409703504043127, 'bird': 0.4809098294069862, 'blank': 0.31506024096385543, 'civet_genet': 0.7996697853604843, 'hog': 0.5, 'leopard': 0.7100591715976331, 'monkey_prosimian': 0.7046548956661316, 'rodent': 0.5105960264900662}"
"{'precision': 0.6235498839907193, 'recall': 0.5795148247978437, 'f1-score': 0.6007264599050014, 'support': 1855.0}","{'precision': 0.8254637436762225, 'recall': 0.7952883834281073, 'f1-score': 0.8100951592883741, 'support': 1231.0}","{'precision': 0.567219152854512, 'recall': 0.5566265060240964, 'f1-score': 0.5618729096989966, 'support': 1660.0}","{'precision': 0.8518140010219724, 'recall': 0.9174463401210787, 'f1-score': 0.8834128245892952, 'support': 1817.0}","{'precision': 0.914572864321608, 'recall': 0.7438692098092643, 'f1-score': 0.8204357625845229, 'support': 734.0}","{'precision': 0.9203647416413374, 'recall': 0.8958579881656805, 'f1-score': 0.9079460269865067, 'support': 1690.0}","{'precision': 0.6841853798375538, 'recall': 0.7661851257356875, 'f1-score': 0.7228672387682988, 'support': 1869.0}","{'precision': 0.7446254071661238, 'recall': 0.756953642384106, 'f1-score': 0.7507389162561576, 'support': 1510.0}",0.7504447679120169,"{'precision': 0.7664743968137562, 'recall': 0.7514677525582331, 'f1-score': 0.7572619122596442, 'support': 12366.0}","{'precision': 0.7514152088295959, 'recall': 0.7504447679120169, 'f1-score': 0.749694980166249, 'support': 12366.0}","[[1075, 51, 259, 67, 24, 19, 293, 67], [38, 979, 76, 0, 0, 9, 81, 48], [221, 53, 924, 85, 10, 64, 173, 130], [10, 1, 26, 1667, 1, 6, 2, 104], [78, 9, 31, 15, 546, 11, 33, 11], [35, 7, 77, 12, 4, 1514, 34, 7], [189, 65, 142, 1, 4, 11, 1432, 25], [78, 21, 94, 110, 8, 11, 45, 1143]]",0.7724329240014016,0.7504447679120169,0.7724329189883543,0.9465469836648875,"{'antelope_duiker': 0.514028787612915, 'bird': 0.6442451477050781, 'blank': 0.4695993661880493, 'civet_genet': 0.7806239724159241, 'hog': 0.736563503742218, 'leopard': 0.8255000710487366, 'monkey_prosimian': 0.5692350268363953, 'rodent': 0.5962737798690796}",0.7664743968137562,0.7514677525582331,0.7572619122596442,1,"{'antelope_duiker': 0.6007264599050014, 'bird': 0.8100951592883741, 'blank': 0.5618729096989966, 'civet_genet': 0.8834128245892952, 'hog': 0.8204357625845229, 'leopard': 0.9079460269865067, 'monkey_prosimian': 0.7228672387682988, 'rodent': 0.7507389162561576}","{'antelope_duiker': 0.6235498839907193, 'bird': 0.8254637436762225, 'blank': 0.567219152854512, 'civet_genet': 0.8518140010219724, 'hog': 0.914572864321608, 'leopard': 0.9203647416413374, 'monkey_prosimian': 0.6841853798375538, 'rodent': 0.7446254071661238}","{'antelope_duiker': 0.5795148247978437, 'bird': 0.7952883834281073, 'blank': 0.5566265060240964, 'civet_genet': 0.9174463401210787, 'hog': 0.7438692098092643, 'leopard': 0.8958579881656805, 'monkey_prosimian': 0.7661851257356875, 'rodent': 0.756953642384106}"
"{'precision': 0.7368421052631579, 'recall': 0.7094339622641509, 'f1-score': 0.7228783301290854, 'support': 1855.0}","{'precision': 0.9172870140612076, 'recall': 0.90089358245329, 'f1-score': 0.909016393442623, 'support': 1231.0}","{'precision': 0.6915647134578236, 'recall': 0.6469879518072289, 'f1-score': 0.6685340802987861, 'support': 1660.0}","{'precision': 0.9011627906976745, 'recall': 0.9383599339570721, 'f1-score': 0.9193852790509571, 'support': 1817.0}","{'precision': 0.940387481371088, 'recall': 0.8596730245231607, 'f1-score': 0.898220640569395, 'support': 734.0}","{'precision': 0.9505363528009535, 'recall': 0.9437869822485208, 'f1-score': 0.9471496437054632, 'support': 1690.0}","{'precision': 0.7999006951340616, 'recall': 0.8619582664526485, 'f1-score': 0.8297707957764615, 'support': 1869.0}","{'precision': 0.8221369161868202, 'recall': 0.8509933774834437, 'f1-score': 0.8363163032866905, 'support': 1510.0}",0.8350315380883067,"{'precision': 0.8449772586215983, 'recall': 0.8390108851486895, 'f1-score': 0.8414089332824327, 'support': 12366.0}","{'precision': 0.8341035601502358, 'recall': 0.8350315380883067, 'f1-score': 0.834051770286121, 'support': 12366.0}","[[1316, 25, 210, 48, 15, 7, 186, 48], [20, 1109, 34, 0, 1, 3, 42, 22], [207, 27, 1074, 63, 7, 52, 115, 115], [12, 0, 23, 1705, 5, 2, 2, 68], [48, 2, 12, 3, 631, 10, 24, 4], [21, 5, 45, 8, 2, 1595, 12, 2], [120, 29, 78, 0, 6, 6, 1611, 19], [42, 12, 77, 65, 4, 3, 22, 1285]]",0.5382246899600941,0.8350315380883067,0.538224687047524,0.9759825327510917,"{'antelope_duiker': 0.6247242093086243, 'bird': 0.7961230874061584, 'blank': 0.571415901184082, 'civet_genet': 0.8390925526618958, 'hog': 0.8025824427604675, 'leopard': 0.8749144673347473, 'monkey_prosimian': 0.6983931064605713, 'rodent': 0.7054080963134766}",0.8449772586215983,0.8390108851486895,0.8414089332824327,2,"{'antelope_duiker': 0.7228783301290854, 'bird': 0.909016393442623, 'blank': 0.6685340802987861, 'civet_genet': 0.9193852790509571, 'hog': 0.898220640569395, 'leopard': 0.9471496437054632, 'monkey_prosimian': 0.8297707957764615, 'rodent': 0.8363163032866905}","{'antelope_duiker': 0.7368421052631579, 'bird': 0.9172870140612076, 'blank': 0.6915647134578236, 'civet_genet': 0.9011627906976745, 'hog': 0.940387481371088, 'leopard': 0.9505363528009535, 'monkey_prosimian': 0.7999006951340616, 'rodent': 0.8221369161868202}","{'antelope_duiker': 0.7094339622641509, 'bird': 0.90089358245329, 'blank': 0.6469879518072289, 'civet_genet': 0.9383599339570721, 'hog': 0.8596730245231607, 'leopard': 0.9437869822485208, 'monkey_prosimian': 0.8619582664526485, 'rodent': 0.8509933774834437}"
"{'precision': 0.8196814562002275, 'recall': 0.7768194070080863, 'f1-score': 0.7976750622751176, 'support': 1855.0}","{'precision': 0.9418416801292407, 'recall': 0.9471974004874086, 'f1-score': 0.9445119481571487, 'support': 1231.0}","{'precision': 0.7435736677115987, 'recall': 0.7144578313253012, 'f1-score': 0.7287250384024577, 'support': 1660.0}","{'precision': 0.9304440877474586, 'recall': 0.9570720968629609, 'f1-score': 0.9435702658708627, 'support': 1817.0}","{'precision': 0.9605633802816902, 'recall': 0.9291553133514986, 'f1-score': 0.9445983379501385, 'support': 734.0}","{'precision': 0.9585062240663901, 'recall': 0.9568047337278106, 'f1-score': 0.9576547231270358, 'support': 1690.0}","{'precision': 0.8773926539058459, 'recall': 0.9074371321562332, 'f1-score': 0.8921620199894792, 'support': 1869.0}","{'precision': 0.8724619289340102, 'recall': 0.9105960264900662, 'f1-score': 0.8911211924821776, 'support': 1510.0}",0.8816108685104318,"{'precision': 0.8880581348720578, 'recall': 0.8874424926761707, 'f1-score': 0.8875023235318023, 'support': 12366.0}","{'precision': 0.8804026223490413, 'recall': 0.8816108685104318, 'f1-score': 0.8807494471685062, 'support': 12366.0}","[[1441, 20, 199, 27, 14, 10, 109, 35], [10, 1166, 26, 0, 1, 2, 18, 8], [174, 22, 1186, 53, 8, 45, 75, 97], [7, 3, 10, 1739, 1, 3, 1, 53], [28, 1, 9, 1, 682, 5, 7, 1], [13, 3, 44, 2, 1, 1617, 10, 0], [68, 18, 72, 1, 2, 5, 1696, 7], [17, 5, 49, 46, 1, 0, 17, 1375]]",0.38799919259600246,0.8816108685104318,0.38799919066495697,0.9881125667151868,"{'antelope_duiker': 0.7106820940971375, 'bird': 0.8597056865692139, 'blank': 0.6457541584968567, 'civet_genet': 0.8860540986061096, 'hog': 0.8525835275650024, 'leopard': 0.9030805230140686, 'monkey_prosimian': 0.7827673554420471, 'rodent': 0.7806253433227539}",0.8880581348720578,0.8874424926761707,0.8875023235318023,3,"{'antelope_duiker': 0.7976750622751176, 'bird': 0.9445119481571487, 'blank': 0.7287250384024577, 'civet_genet': 0.9435702658708627, 'hog': 0.9445983379501385, 'leopard': 0.9576547231270358, 'monkey_prosimian': 0.8921620199894792, 'rodent': 0.8911211924821776}","{'antelope_duiker': 0.8196814562002275, 'bird': 0.9418416801292407, 'blank': 0.7435736677115987, 'civet_genet': 0.9304440877474586, 'hog': 0.9605633802816902, 'leopard': 0.9585062240663901, 'monkey_prosimian': 0.8773926539058459, 'rodent': 0.8724619289340102}","{'antelope_duiker': 0.7768194070080863, 'bird': 0.9471974004874086, 'blank': 0.7144578313253012, 'civet_genet': 0.9570720968629609, 'hog': 0.9291553133514986, 'leopard': 0.9568047337278106, 'monkey_prosimian': 0.9074371321562332, 'rodent': 0.9105960264900662}"
"{'precision': 0.8663721700717836, 'recall': 0.845822102425876, 'f1-score': 0.855973813420622, 'support': 1855.0}","{'precision': 0.9715447154471545, 'recall': 0.9707554833468724, 'f1-score': 0.971149939049167, 'support': 1231.0}","{'precision': 0.8059796437659033, 'recall': 0.7632530120481927, 'f1-score': 0.7840346534653465, 'support': 1660.0}","{'precision': 0.9487179487179487, 'recall': 0.9774353329664281, 'f1-score': 0.9628625643805909, 'support': 1817.0}","{'precision': 0.9777158774373259, 'recall': 0.9564032697547684, 'f1-score': 0.9669421487603306, 'support': 734.0}","{'precision': 0.965597667638484, 'recall': 0.9798816568047337, 'f1-score': 0.9726872246696036, 'support': 1690.0}","{'precision': 0.9284210526315789, 'recall': 0.9438202247191011, 'f1-score': 0.9360573096312019, 'support': 1869.0}","{'precision': 0.9108527131782945, 'recall': 0.9337748344370861, 'f1-score': 0.9221713538260301, 'support': 1510.0}",0.9169497007924956,"{'precision': 0.9219002236110592, 'recall': 0.9213932395628823, 'f1-score': 0.9214848759003615, 'support': 12366.0}","{'precision': 0.9158134156789745, 'recall': 0.9169497007924956, 'f1-score': 0.916212405463086, 'support': 12366.0}","[[1569, 8, 154, 24, 4, 5, 71, 20], [8, 1195, 14, 0, 0, 0, 8, 6], [153, 18, 1267, 40, 7, 44, 46, 85], [6, 0, 7, 1776, 2, 1, 1, 24], [16, 0, 6, 1, 702, 5, 4, 0], [3, 0, 26, 1, 1, 1656, 3, 0], [43, 5, 54, 0, 0, 0, 1764, 3], [13, 4, 44, 30, 2, 4, 3, 1410]]",0.2852215555716579,0.9169497007924956,0.2852215539446852,0.994986252628174,"{'antelope_duiker': 0.7668857574462891, 'bird': 0.8958789706230164, 'blank': 0.7027410268783569, 'civet_genet': 0.90582674741745, 'hog': 0.8940024971961975, 'leopard': 0.9225332736968994, 'monkey_prosimian': 0.8496780395507812, 'rodent': 0.8363705277442932}",0.9219002236110592,0.9213932395628823,0.9214848759003615,4,"{'antelope_duiker': 0.855973813420622, 'bird': 0.971149939049167, 'blank': 0.7840346534653465, 'civet_genet': 0.9628625643805909, 'hog': 0.9669421487603306, 'leopard': 0.9726872246696036, 'monkey_prosimian': 0.9360573096312019, 'rodent': 0.9221713538260301}","{'antelope_duiker': 0.8663721700717836, 'bird': 0.9715447154471545, 'blank': 0.8059796437659033, 'civet_genet': 0.9487179487179487, 'hog': 0.9777158774373259, 'leopard': 0.965597667638484, 'monkey_prosimian': 0.9284210526315789, 'rodent': 0.9108527131782945}","{'antelope_duiker': 0.845822102425876, 'bird': 0.9707554833468724, 'blank': 0.7632530120481927, 'civet_genet': 0.9774353329664281, 'hog': 0.9564032697547684, 'leopard': 0.9798816568047337, 'monkey_prosimian': 0.9438202247191011, 'rodent': 0.9337748344370861}"
"{'precision': 0.9105960264900662, 'recall': 0.889487870619946, 'f1-score': 0.8999181892555222, 'support': 1855.0}","{'precision': 0.9812550937245313, 'recall': 0.9780666125101544, 'f1-score': 0.9796582587469488, 'support': 1231.0}","{'precision': 0.8509705698184096, 'recall': 0.8186746987951807, 'f1-score': 0.8345102855388394, 'support': 1660.0}","{'precision': 0.9586021505376344, 'recall': 0.9812878370941112, 'f1-score': 0.9698123470220288, 'support': 1817.0}","{'precision': 0.9862448418156808, 'recall': 0.9768392370572208, 'f1-score': 0.9815195071868583, 'support': 734.0}","{'precision': 0.972027972027972, 'recall': 0.98698224852071, 'f1-score': 0.9794480328831474, 'support': 1690.0}","{'precision': 0.9547390841320553, 'recall': 0.9593365436062066, 'f1-score': 0.9570322925006672, 'support': 1869.0}","{'precision': 0.9251129761136216, 'recall': 0.9490066225165563, 'f1-score': 0.9369074861065708, 'support': 1510.0}",0.9386220281416788,"{'precision': 0.9424435893324965, 'recall': 0.9424602088400108, 'f1-score': 0.9423507999050729, 'support': 12366.0}","{'precision': 0.9380099330206837, 'recall': 0.9386220281416788, 'f1-score': 0.9382071663167014, 'support': 12366.0}","[[1650, 5, 116, 20, 3, 5, 42, 14], [5, 1204, 17, 1, 0, 0, 3, 1], [109, 7, 1359, 34, 4, 40, 34, 73], [3, 0, 7, 1783, 0, 0, 2, 22], [11, 0, 5, 0, 717, 1, 0, 0], [2, 0, 16, 0, 2, 1668, 2, 0], [22, 8, 38, 0, 0, 2, 1793, 6], [10, 3, 39, 22, 1, 0, 2, 1433]]",0.2150074484180126,0.9386220281416788,0.21500744800227214,0.997573993207181,"{'antelope_duiker': 0.8167200684547424, 'bird': 0.927821934223175, 'blank': 0.7589533925056458, 'civet_genet': 0.9238306283950806, 'hog': 0.9190326929092407, 'leopard': 0.9363238215446472, 'monkey_prosimian': 0.8914409875869751, 'rodent': 0.8672565221786499}",0.9424435893324965,0.9424602088400108,0.9423507999050729,5,"{'antelope_duiker': 0.8999181892555222, 'bird': 0.9796582587469488, 'blank': 0.8345102855388394, 'civet_genet': 0.9698123470220288, 'hog': 0.9815195071868583, 'leopard': 0.9794480328831474, 'monkey_prosimian': 0.9570322925006672, 'rodent': 0.9369074861065708}","{'antelope_duiker': 0.9105960264900662, 'bird': 0.9812550937245313, 'blank': 0.8509705698184096, 'civet_genet': 0.9586021505376344, 'hog': 0.9862448418156808, 'leopard': 0.972027972027972, 'monkey_prosimian': 0.9547390841320553, 'rodent': 0.9251129761136216}","{'antelope_duiker': 0.889487870619946, 'bird': 0.9780666125101544, 'blank': 0.8186746987951807, 'civet_genet': 0.9812878370941112, 'hog': 0.9768392370572208, 'leopard': 0.98698224852071, 'monkey_prosimian': 0.9593365436062066, 'rodent': 0.9490066225165563}"
"{'precision': 0.938183807439825, 'recall': 0.9245283018867925, 'f1-score': 0.9313060005430356, 'support': 1855.0}","{'precision': 0.9878640776699029, 'recall': 0.991876523151909, 'f1-score': 0.9898662342926632, 'support': 1231.0}","{'precision': 0.8906832298136645, 'recall': 0.863855421686747, 'f1-score': 0.8770642201834863, 'support': 1660.0}","{'precision': 0.9676898222940227, 'recall': 0.9889928453494772, 'f1-score': 0.9782253674469243, 'support': 1817.0}","{'precision': 0.990450204638472, 'recall': 0.989100817438692, 'f1-score': 0.9897750511247444, 'support': 734.0}","{'precision': 0.9841269841269841, 'recall': 0.9905325443786982, 'f1-score': 0.9873193748156885, 'support': 1690.0}","{'precision': 0.9664179104477612, 'recall': 0.9700374531835206, 'f1-score': 0.9682242990654205, 'support': 1869.0}","{'precision': 0.9534426229508197, 'recall': 0.9629139072847682, 'f1-score': 0.9581548599670511, 'support': 1510.0}",0.9569788128740094,"{'precision': 0.9598573324226816, 'recall': 0.9602297267950756, 'f1-score': 0.9599919259298767, 'support': 12366.0}","{'precision': 0.9566000889271628, 'recall': 0.9569788128740094, 'f1-score': 0.9567321484752419, 'support': 12366.0}","[[1715, 2, 96, 8, 4, 0, 22, 8], [0, 1221, 6, 1, 0, 0, 2, 1], [81, 5, 1434, 32, 2, 26, 33, 47], [2, 1, 4, 1797, 0, 0, 1, 12], [2, 0, 2, 1, 726, 0, 3, 0], [3, 1, 10, 1, 0, 1674, 0, 1], [19, 6, 29, 0, 0, 0, 1813, 2], [6, 0, 29, 17, 1, 1, 2, 1454]]",0.162062986259676,0.9569788128740094,0.16206298626719606,0.9991913310690603,"{'antelope_duiker': 0.8494783043861389, 'bird': 0.9413976669311523, 'blank': 0.8052688241004944, 'civet_genet': 0.9378101229667664, 'hog': 0.9365294575691223, 'leopard': 0.9505359530448914, 'monkey_prosimian': 0.9159268140792847, 'rodent': 0.8987435102462769}",0.9598573324226816,0.9602297267950756,0.9599919259298767,6,"{'antelope_duiker': 0.9313060005430356, 'bird': 0.9898662342926632, 'blank': 0.8770642201834863, 'civet_genet': 0.9782253674469243, 'hog': 0.9897750511247444, 'leopard': 0.9873193748156885, 'monkey_prosimian': 0.9682242990654205, 'rodent': 0.9581548599670511}","{'antelope_duiker': 0.938183807439825, 'bird': 0.9878640776699029, 'blank': 0.8906832298136645, 'civet_genet': 0.9676898222940227, 'hog': 0.990450204638472, 'leopard': 0.9841269841269841, 'monkey_prosimian': 0.9664179104477612, 'rodent': 0.9534426229508197}","{'antelope_duiker': 0.9245283018867925, 'bird': 0.991876523151909, 'blank': 0.863855421686747, 'civet_genet': 0.9889928453494772, 'hog': 0.989100817438692, 'leopard': 0.9905325443786982, 'monkey_prosimian': 0.9700374531835206, 'rodent': 0.9629139072847682}"
"{'precision': 0.9567099567099567, 'recall': 0.953099730458221, 'f1-score': 0.9549014312719417, 'support': 1855.0}","{'precision': 0.9870550161812298, 'recall': 0.9910641754670999, 'f1-score': 0.9890555330360762, 'support': 1231.0}","{'precision': 0.915129151291513, 'recall': 0.8963855421686747, 'f1-score': 0.9056603773584906, 'support': 1660.0}","{'precision': 0.9776688453159041, 'recall': 0.9878921298844249, 'f1-score': 0.9827539009033671, 'support': 1817.0}","{'precision': 0.9958904109589041, 'recall': 0.9904632152588556, 'f1-score': 0.9931693989071039, 'support': 734.0}","{'precision': 0.9887773183697578, 'recall': 0.9905325443786982, 'f1-score': 0.9896541531185339, 'support': 1690.0}","{'precision': 0.9812533476164971, 'recall': 0.980203317281969, 'f1-score': 0.9807280513918629, 'support': 1869.0}","{'precision': 0.9588235294117647, 'recall': 0.971523178807947, 'f1-score': 0.9651315789473685, 'support': 1510.0}",0.9680575772278829,"{'precision': 0.9701634469819409, 'recall': 0.9701454792132362, 'f1-score': 0.9701318031168431, 'support': 12366.0}","{'precision': 0.9679042247691007, 'recall': 0.9680575772278829, 'f1-score': 0.9679573710466949, 'support': 12366.0}","[[1768, 2, 61, 6, 1, 0, 13, 4], [0, 1220, 7, 0, 0, 0, 2, 2], [55, 9, 1488, 24, 2, 18, 16, 48], [4, 0, 10, 1795, 0, 0, 0, 8], [1, 0, 3, 0, 727, 1, 2, 0], [4, 0, 9, 2, 0, 1674, 1, 0], [12, 4, 20, 0, 0, 0, 1832, 1], [4, 1, 28, 9, 0, 0, 1, 1467]]",0.12563533426661447,0.9680575772278829,0.125635334201005,0.9991913310690603,"{'antelope_duiker': 0.8859360218048096, 'bird': 0.9565276503562927, 'blank': 0.8386760950088501, 'civet_genet': 0.95246821641922, 'hog': 0.9530676603317261, 'leopard': 0.9622517824172974, 'monkey_prosimian': 0.9377853274345398, 'rodent': 0.915835976600647}",0.9701634469819409,0.9701454792132362,0.9701318031168431,7,"{'antelope_duiker': 0.9549014312719417, 'bird': 0.9890555330360762, 'blank': 0.9056603773584906, 'civet_genet': 0.9827539009033671, 'hog': 0.9931693989071039, 'leopard': 0.9896541531185339, 'monkey_prosimian': 0.9807280513918629, 'rodent': 0.9651315789473685}","{'antelope_duiker': 0.9567099567099567, 'bird': 0.9870550161812298, 'blank': 0.915129151291513, 'civet_genet': 0.9776688453159041, 'hog': 0.9958904109589041, 'leopard': 0.9887773183697578, 'monkey_prosimian': 0.9812533476164971, 'rodent': 0.9588235294117647}","{'antelope_duiker': 0.953099730458221, 'bird': 0.9910641754670999, 'blank': 0.8963855421686747, 'civet_genet': 0.9878921298844249, 'hog': 0.9904632152588556, 'leopard': 0.9905325443786982, 'monkey_prosimian': 0.980203317281969, 'rodent': 0.971523178807947}"
"{'precision': 0.9759956355701036, 'recall': 0.9644204851752022, 'f1-score': 0.970173535791757, 'support': 1855.0}","{'precision': 0.993517017828201, 'recall': 0.9959382615759546, 'f1-score': 0.9947261663286004, 'support': 1231.0}","{'precision': 0.9459459459459459, 'recall': 0.927710843373494, 'f1-score': 0.9367396593673966, 'support': 1660.0}","{'precision': 0.9831154684095861, 'recall': 0.9933957072096863, 'f1-score': 0.9882288529975363, 'support': 1817.0}","{'precision': 0.9945429740791268, 'recall': 0.9931880108991825, 'f1-score': 0.9938650306748467, 'support': 734.0}","{'precision': 0.9899882214369847, 'recall': 0.9946745562130177, 'f1-score': 0.9923258559622196, 'support': 1690.0}","{'precision': 0.9818666666666667, 'recall': 0.9850187265917603, 'f1-score': 0.9834401709401709, 'support': 1869.0}","{'precision': 0.9744931327665141, 'recall': 0.9867549668874173, 'f1-score': 0.9805857189865087, 'support': 1510.0}",0.9785702733300986,"{'precision': 0.9799331328378911, 'recall': 0.9801376947407143, 'f1-score': 0.9800106238811295, 'support': 12366.0}","{'precision': 0.9784692299029246, 'recall': 0.9785702733300986, 'f1-score': 0.9784927401212126, 'support': 12366.0}","[[1789, 0, 44, 4, 0, 0, 14, 4], [0, 1226, 2, 0, 0, 1, 2, 0], [32, 5, 1540, 21, 3, 15, 14, 30], [1, 0, 6, 1805, 0, 0, 1, 4], [0, 0, 1, 1, 729, 1, 2, 0], [1, 0, 6, 0, 0, 1681, 1, 1], [8, 2, 18, 0, 0, 0, 1841, 0], [2, 1, 11, 5, 1, 0, 0, 1490]]",0.09084030534555741,0.9785702733300986,0.09084030462555212,0.999919133106906,"{'antelope_duiker': 0.916242241859436, 'bird': 0.9589418172836304, 'blank': 0.876714825630188, 'civet_genet': 0.9632538557052612, 'hog': 0.9633111357688904, 'leopard': 0.9661167860031128, 'monkey_prosimian': 0.949485719203949, 'rodent': 0.9392525553703308}",0.9799331328378911,0.9801376947407143,0.9800106238811295,8,"{'antelope_duiker': 0.970173535791757, 'bird': 0.9947261663286004, 'blank': 0.9367396593673966, 'civet_genet': 0.9882288529975363, 'hog': 0.9938650306748467, 'leopard': 0.9923258559622196, 'monkey_prosimian': 0.9834401709401709, 'rodent': 0.9805857189865087}","{'antelope_duiker': 0.9759956355701036, 'bird': 0.993517017828201, 'blank': 0.9459459459459459, 'civet_genet': 0.9831154684095861, 'hog': 0.9945429740791268, 'leopard': 0.9899882214369847, 'monkey_prosimian': 0.9818666666666667, 'rodent': 0.9744931327665141}","{'antelope_duiker': 0.9644204851752022, 'bird': 0.9959382615759546, 'blank': 0.927710843373494, 'civet_genet': 0.9933957072096863, 'hog': 0.9931880108991825, 'leopard': 0.9946745562130177, 'monkey_prosimian': 0.9850187265917603, 'rodent': 0.9867549668874173}"
"{'precision': 0.97784981091302, 'recall': 0.9757412398921833, 'f1-score': 0.9767943874797625, 'support': 1855.0}","{'precision': 0.9975470155355682, 'recall': 0.9910641754670999, 'f1-score': 0.9942950285248574, 'support': 1231.0}","{'precision': 0.9570217917675545, 'recall': 0.9524096385542169, 'f1-score': 0.9547101449275363, 'support': 1660.0}","{'precision': 0.9847161572052402, 'recall': 0.9928453494771602, 'f1-score': 0.9887640449438202, 'support': 1817.0}","{'precision': 0.9959128065395095, 'recall': 0.9959128065395095, 'f1-score': 0.9959128065395095, 'support': 734.0}","{'precision': 0.994086339444116, 'recall': 0.9946745562130177, 'f1-score': 0.9943803608399882, 'support': 1690.0}","{'precision': 0.99038974906567, 'recall': 0.9925093632958801, 'f1-score': 0.9914484233030465, 'support': 1869.0}","{'precision': 0.9814569536423841, 'recall': 0.9814569536423841, 'f1-score': 0.9814569536423841, 'support': 1510.0}",0.9836648875950186,"{'precision': 0.9848725780141329, 'recall': 0.9845767603851814, 'f1-score': 0.9847202687751131, 'support': 12366.0}","{'precision': 0.9836504578690193, 'recall': 0.9836648875950186, 'f1-score': 0.983653064216777, 'support': 12366.0}","[[1810, 0, 31, 4, 0, 1, 7, 2], [2, 1220, 6, 0, 0, 0, 2, 1], [26, 1, 1581, 14, 1, 9, 8, 20], [2, 0, 5, 1804, 2, 0, 0, 4], [2, 0, 1, 0, 731, 0, 0, 0], [1, 0, 8, 0, 0, 1681, 0, 0], [6, 2, 5, 0, 0, 0, 1855, 1], [2, 0, 15, 10, 0, 0, 1, 1482]]",0.07221927988407258,0.9836648875950186,0.07221928007276675,1.0,"{'antelope_duiker': 0.9357237219810486, 'bird': 0.9742813110351562, 'blank': 0.8935250043869019, 'civet_genet': 0.9677999019622803, 'hog': 0.968784511089325, 'leopard': 0.9740803837776184, 'monkey_prosimian': 0.9630995988845825, 'rodent': 0.9500560760498047}",0.9848725780141329,0.9845767603851814,0.9847202687751131,9,"{'antelope_duiker': 0.9767943874797625, 'bird': 0.9942950285248574, 'blank': 0.9547101449275363, 'civet_genet': 0.9887640449438202, 'hog': 0.9959128065395095, 'leopard': 0.9943803608399882, 'monkey_prosimian': 0.9914484233030465, 'rodent': 0.9814569536423841}","{'antelope_duiker': 0.97784981091302, 'bird': 0.9975470155355682, 'blank': 0.9570217917675545, 'civet_genet': 0.9847161572052402, 'hog': 0.9959128065395095, 'leopard': 0.994086339444116, 'monkey_prosimian': 0.99038974906567, 'rodent': 0.9814569536423841}","{'antelope_duiker': 0.9757412398921833, 'bird': 0.9910641754670999, 'blank': 0.9524096385542169, 'civet_genet': 0.9928453494771602, 'hog': 0.9959128065395095, 'leopard': 0.9946745562130177, 'monkey_prosimian': 0.9925093632958801, 'rodent': 0.9814569536423841}"
